Name,Slug,Collection ID,Locale ID,Item ID,Archived,Draft,Created On,Updated On,Published On,Main Image,Latitude,Longitude,Street,City,State,ZIP Code,Country,Google Maps Link,Beach website,Phone,Point of interest,Parking hours,Restrooms,Showers,Pets allowed,Parking lot nearby,Camping offered,Camping webpage,Picnic area/rentals,Recreation activities,Specific recreation activities,Pier,Fishing,Beach is accessible,Bonfire availabiliity,Kid-friendly / Ease of access / Safety rating,Surfing beach,Related products,api-current-temp,Formatted Adress,Google Rating,Google Review,api-feels-like,api-humidity,api-wind-speed,api-wind-direction,api-precipitation,api-cloud-cover,api-uv-index,api-aqi,api-pm10,api-pm2-5,api-water-temp,api-updated,api-wave-height,api-current-speed,api-air-pressure,api-sunset
10th St Beach,10th-st-beach,6786e26d4438e40d5e56c085,678661730ea760533db7153c,67bfaaf57416d2ce197df163,false,false,Wed Feb 26 2025 23:59:49 GMT+0000 (Coordinated Universal Time),Mon Jun 16 2025 08:56:15 GMT+0000 (Coordinated Universal Time),Tue Jun 03 2025 07:19:41 GMT+0000 (Coordinated Universal Time),https://cdn.prod.website-files.com/678661730ea760533db7153d/67bfaaf57416d2ce197df153_79f9652e35d6501474b13394ca57db4e079459df.jpeg,33.6061989,-117.912502,West Bay Avenue,Newport Beach,california,92661,united-states,https://maps.google.com/?cid=11139313284190104042,https://www.newportbeachca.gov/how-do-i-/find/beach-information,,,,Yes,Yes,Dogs Allowed,Yes,No,,No,Yes,Surfing,No,Yes,Yes,Yes,Great,Yes,,61,"Newport Beach, CA 92661, USA",4.3,"5/5: Excellent place, cozy and beautiful ğŸ˜ Good for a quick stop",60.2â„‰,91%,8.6 mph,139Â°,0 in,3%,0,57,13.5 Âµg/mÂ³,10.8 Âµg/mÂ³,65.9â„‰,5 minutes ago,10.3 ft,N/A,29.90 inHg,11:03 PM
19th St Bay Beach,19th-st-bay-beach,6786e26d4438e40d5e56c085,678661730ea760533db7153c,67bfaaf580390b72d69def65,false,false,Wed Feb 26 2025 23:59:49 GMT+0000 (Coordinated Universal Time),Mon Jun 16 2025 08:56:13 GMT+0000 (Coordinated Universal Time),Tue Jun 03 2025 07:19:41 GMT+0000 (Coordinated Universal Time),https://cdn.prod.website-files.com/678661730ea760533db7153d/67bfaaf580390b72d69def55_AF1QipNPUVx9jWtbqvR6cFuQbXu1fxxivqJpqaKgpxEE%3Ds1360-w1360-h1020.jpeg,33.6089589,-117.9258353,West Bay Avenue,Newport Beach,california,92663,united-states,https://maps.google.com/?cid=2905166278699888705,https://www.newportbeachca.gov/how-do-i-/find/beach-information,,,,Yes,Yes,Allowed,Yes,No,,Yes,Yes,Surfing,No,Yes,Yes,Yes,Great,Yes,,61.4,"Newport Beach, CA 92663, USA",4.7,"5/5: Great place to launch SUP or kayaks. Paid parking is right up against the beach for easy access & short distance to carry your craft. Shower stand allows for easy rinsing. Restroom facilities nearby at the playground. Easy paddling to circle Lido Island, head up into the Back Bay, or over to Balboa Island.",61.5â„‰,92%,6.8 mph,148Â°,0 in,6%,0,57,13.5 Âµg/mÂ³,10.8 Âµg/mÂ³,65.8â„‰,5 minutes ago,10.5 ft,N/A,29.89 inHg,11:03 PM
Ala Moana Beach,ala-moana-beach,6786e26d4438e40d5e56c085,678661730ea760533db7153c,682a458c8796323da3f7ebbe,false,false,Sun May 18 2025 20:39:40 GMT+0000 (Coordinated Universal Time),Mon Jun 16 2025 08:55:45 GMT+0000 (Coordinated Universal Time),Tue Jun 03 2025 07:19:41 GMT+0000 (Coordinated Universal Time),https://cdn.prod.website-files.com/678661730ea760533db7153d/682a4588a672e74156cb7345_ala-moana-beach-honolulu-oahu-hawaii.jpg,21.28848963,-157.84666849,,Honolulu,hawaii,96814,united-states,https://maps.app.goo.gl/RBUtYdp1FZL8TCEd8,http://www1.honolulu.gov/parks/programs/beach/alamoana.htm,,,,,,,,,,,,,,,,,,,,76.9,,,,79.5â„‰,76%,11.1 mph,68Â°,0 in,93%,0,31,11 Âµg/mÂ³,7 Âµg/mÂ³,78.7â„‰,5 minutes ago,12.9 ft,2.2 mph,30.07 inHg,01:15 AM
Baker Beach,baker-beach-san-francisco,6786e26d4438e40d5e56c085,678661730ea760533db7153c,68228dcad3911a77038da028,false,false,Tue May 13 2025 00:09:46 GMT+0000 (Coordinated Universal Time),Mon Jun 16 2025 08:56:00 GMT+0000 (Coordinated Universal Time),Tue Jun 03 2025 07:19:41 GMT+0000 (Coordinated Universal Time),https://cdn.prod.website-files.com/678661730ea760533db7153d/68228d3b9ad4095873e2f680_baker-beach-san-francisco-california.jpg,37.79402945,-122.4836294,1770 Gibson Road,San Francisco,california,94129,united-states,https://maps.app.goo.gl/f6aj9e3ShuBWZE5J9,https://presidio.gov/explore/attractions/baker-beach,(415) 561-4323,,,,,,,,,,,,,,,,,,,51.4,,,,45.6â„‰,94%,13.7 mph,276Â°,0 in,61%,0,51,17.3 Âµg/mÂ³,12.2 Âµg/mÂ³,56.5â„‰,5 minutes ago,12.7 ft,0.9 mph,30.03 inHg,11:33 PM
Big Rock Beach,malibu-big-rock-beach,6786e26d4438e40d5e56c085,678661730ea760533db7153c,67e394d5c9fbc333cf6e67e6,false,false,Wed Mar 26 2025 05:47:01 GMT+0000 (Coordinated Universal Time),Mon Jun 16 2025 08:56:10 GMT+0000 (Coordinated Universal Time),Tue Jun 03 2025 07:19:41 GMT+0000 (Coordinated Universal Time),https://cdn.prod.website-files.com/678661730ea760533db7153d/67e39626a909515b6b1205bc_malibu-big-rock-beach.jpg,34.03776933,-118.62119751,,Malibu,california,90265,united-states,https://maps.app.goo.gl/JVhB1MDEc6xXv3mv9,https://www.malibucity.org/96/Malibu-Beaches,,,,,,,,,,,,,,,,,,,,58.4,,,,57.5â„‰,88%,5.8 mph,118Â°,0 in,2%,0,47,11.3 Âµg/mÂ³,8.4 Âµg/mÂ³,66.4â„‰,5 minutes ago,13.6 ft,0.6 mph,29.78 inHg,11:07 PM
Bolsa Chica State Beach,bolsa-chica-state-beach,6786e26d4438e40d5e56c085,678661730ea760533db7153c,67bfaaf520863dc842f711a4,false,false,Wed Feb 26 2025 23:59:49 GMT+0000 (Coordinated Universal Time),Mon Jun 16 2025 08:56:15 GMT+0000 (Coordinated Universal Time),Tue Jun 03 2025 07:19:41 GMT+0000 (Coordinated Universal Time),https://cdn.prod.website-files.com/678661730ea760533db7153d/67bfa9adbdfa045c631122ab_bolsa_chica_state_beach_california_2.png.webp,33.6955698,-118.0487973,,Huntington Beach,california,,united-states,https://maps.google.com/?cid=15783487208060176312,http://www.parks.ca.gov/?page_id=642,,,,Yes,Yes,Allowed,Yes,No,,No,Yes,Surfing,No,Yes,Yes,Yes,Great,Yes,,60.3,"Bolsa Chica State Beach, California, USA",4.6,"5/5: Bolsa Chica in Huntington Beach is a perfect spot for bird watching and peaceful walks. If you love nature, youâ€™ll never get boredâ€”each visit offers a unique experience with different light reflections, stunning sunsets, and a quiet atmosphere. A must-visit for anyone who enjoys the beauty of the outdoors!",60.6â„‰,89%,4.7 mph,155Â°,0 in,6%,0,57,13.5 Âµg/mÂ³,10.8 Âµg/mÂ³,66.1â„‰,5 minutes ago,9.5 ft,0.3 mph,29.88 inHg,11:04 PM
Carbon Beach,malibu-carbon-beach,6786e26d4438e40d5e56c085,678661730ea760533db7153c,67e23d1dfe7cdbc2d54d8f94,false,false,Tue Mar 25 2025 05:20:29 GMT+0000 (Coordinated Universal Time),Mon Jun 16 2025 08:56:12 GMT+0000 (Coordinated Universal Time),Tue Jun 03 2025 07:19:41 GMT+0000 (Coordinated Universal Time),https://cdn.prod.website-files.com/678661730ea760533db7153d/67e23f3268d1bcd73c0ae0bb_carbon-beach-malibu.jpg,34.03878439,-118.65869861,,Malibu,california,90265,united-states,https://maps.app.goo.gl/ZecrQ4xaPbSYioop7,https://www.malibucity.org/96/Malibu-Beaches,,,,,,,,,,,,,,,,,,,,58.6,,,,57.8â„‰,88%,5.8 mph,118Â°,0 in,2%,0,47,11.3 Âµg/mÂ³,8.4 Âµg/mÂ³,66.4â„‰,5 minutes ago,13.6 ft,0.6 mph,29.85 inHg,11:07 PM
Carmel Beach,carmel-beach-california,6786e26d4438e40d5e56c085,678661730ea760533db7153c,6822868a7de3aed0556be109,false,false,Mon May 12 2025 23:38:50 GMT+0000 (Coordinated Universal Time),Mon Jun 16 2025 08:56:02 GMT+0000 (Coordinated Universal Time),Tue Jun 03 2025 07:19:41 GMT+0000 (Coordinated Universal Time),https://cdn.prod.website-files.com/678661730ea760533db7153d/6822868204bf9168e80d40ce_carmel-beach-Carmel-by-the-Sea-california.jpg,36.55116822,-121.92882096,,Carmel-By-The-Sea,california,93921,united-states,https://maps.app.goo.gl/eMd6AsVgfRbCZoeU6,https://ci.carmel.ca.us/post/carmel-beach,(831) 620-2000,,,,,,,,,,,,,,,,,,,52.9,,,,51.5â„‰,94%,4.3 mph,354Â°,0 in,60%,0,44,14.7 Âµg/mÂ³,10.4 Âµg/mÂ³,53.6â„‰,5 minutes ago,21.1 ft,0.9 mph,30.02 inHg,11:28 PM
Coronado Beach,coronado-beach,6786e26d4438e40d5e56c085,678661730ea760533db7153c,6812fd1d8779fe3fe53de220,false,false,Thu May 01 2025 04:48:29 GMT+0000 (Coordinated Universal Time),Mon Jun 16 2025 08:56:07 GMT+0000 (Coordinated Universal Time),Tue Jun 03 2025 07:19:41 GMT+0000 (Coordinated Universal Time),https://cdn.prod.website-files.com/678661730ea760533db7153d/6812fc360b93c67db5aee240_coronado-beach-san-diego-california.jpg,32.68521388,-117.18948413,,Coronado,california,92118,united-states,https://maps.app.goo.gl/JKyWGdMKkHkAemru9,https://www.coronado.ca.us/805/Beach-Information,(619) 522-2654,,,,,,,,,,,,,,,,,,,61.9,,,,63.6â„‰,100%,5.8 mph,203Â°,0 in,100%,0,78,36.6 Âµg/mÂ³,31.7 Âµg/mÂ³,65.4â„‰,5 minutes ago,11.2 ft,0.3 mph,29.90 inHg,10:58 PM
Diamond Head Beach Park,diamond-head-beach-park,6786e26d4438e40d5e56c085,678661730ea760533db7153c,6822c72f0feba88ddbd299ad,false,false,Tue May 13 2025 04:14:39 GMT+0000 (Coordinated Universal Time),Mon Jun 16 2025 08:55:56 GMT+0000 (Coordinated Universal Time),Tue Jun 03 2025 07:19:41 GMT+0000 (Coordinated Universal Time),https://cdn.prod.website-files.com/678661730ea760533db7153d/6822c72015003e356b867947_diamond-head-beach-park-honolulu-oahu-hawaii.jpg,21.25512724,-157.80709426,3300 Diamond Head Rd,Honolulu,hawaii,96815,united-states,https://maps.app.goo.gl/UhjJ6HQkJAJ75iGJ6,,(808) 768-3003,,,,,,,,,,,,,,,,,,,75.3,,,,77.6â„‰,80%,11.8 mph,68Â°,0 in,100%,0,31,11 Âµg/mÂ³,7 Âµg/mÂ³,78.6â„‰,5 minutes ago,14.0 ft,2.2 mph,29.95 inHg,01:14 AM
Dockweiler State Beach,dockweiler-state-beach,6786e26d4438e40d5e56c085,678661730ea760533db7153c,682284b9e75717453e391793,false,false,Mon May 12 2025 23:31:05 GMT+0000 (Coordinated Universal Time),Mon Jun 16 2025 08:56:03 GMT+0000 (Coordinated Universal Time),Tue Jun 03 2025 07:19:41 GMT+0000 (Coordinated Universal Time),https://cdn.prod.website-files.com/678661730ea760533db7153d/682284b083de38f667785029_dockweiler-state-beach-los-angeles-california.jpg,33.93072618,-118.43562027,12000 Vista Del Mar,Playa Del Rey,california,90293,united-states,https://maps.app.goo.gl/JW7KDv7p7UPHyGTh9,http://beaches.lacounty.gov/dockweiler-beach,(424) 526-7777,,,,,,,,,,,,,,,,,,,55.9,,,,55.8â„‰,87%,1.9 mph,144Â°,0 in,6%,0,84,38.6 Âµg/mÂ³,37 Âµg/mÂ³,65.9â„‰,5 minutes ago,9.0 ft,0.3 mph,29.85 inHg,11:06 PM
Dog Beach | Huntington Beach,santa-ana-river-county-beach,6786e26d4438e40d5e56c085,678661730ea760533db7153c,67bfaaf580118fdcb2a413f4,false,false,Wed Feb 26 2025 23:59:49 GMT+0000 (Coordinated Universal Time),Mon Jun 16 2025 08:56:15 GMT+0000 (Coordinated Universal Time),Tue Jun 03 2025 07:19:41 GMT+0000 (Coordinated Universal Time),https://cdn.prod.website-files.com/678661730ea760533db7153d/67bfaaf580118fdcb2a413da_OCR-L-DOGBEACH-0707-JG-01-1.jpg-1.jpeg,33.6677516,-118.0178747,,Huntington Beach,california,,united-states,https://maps.google.com/?q=Santa+Ana+River&ftid=0x80dd274ea7f7bc47:0x300af2a6a7a4a7df,https://www.yelp.com/biz/huntington-dog-beach-huntington-beach-4,,,,Yes,Yes,Dogs Allowed,Yes,No,,Yes,Yes,Dog Walking,No,No,Yes,Yes,Great,No,,59.7,"100 Goldenwest St, CA 92648",4.4,5/5: Absolutely the most fun place for dogs to play in the water and on the beach. They easily make new friends...no leash required. Beach is very clean and dog owners are so nice! Convenient though limited parking. Need credit card to pay for parking at the kiosk.,59.1â„‰,86%,5.6 mph,146Â°,0 in,4%,0,57,13.5 Âµg/mÂ³,10.8 Âµg/mÂ³,66.1â„‰,5 minutes ago,9.5 ft,0.3 mph,29.87 inHg,11:04 PM
Drakes Beach,drakes-beach,6786e26d4438e40d5e56c085,678661730ea760533db7153c,68229d91b40555ffe133a470,false,false,Tue May 13 2025 01:17:05 GMT+0000 (Coordinated Universal Time),Mon Jun 16 2025 08:55:59 GMT+0000 (Coordinated Universal Time),Tue Jun 03 2025 07:19:41 GMT+0000 (Coordinated Universal Time),https://cdn.prod.website-files.com/678661730ea760533db7153d/68229d172ed66b8b3e4edfd1_drakes-beach-point-reyes-california.jpeg,38.02910406,-122.96209197,,Inverness,california,94937,united-states,https://maps.app.goo.gl/Mv6i1k3j29RaJubB7,https://www.nps.gov/pore/planyourvisit/visitorcenters.htm#CP_JUMP_63133,(415) 464-5100,,,,,,,,,,,,,,,,,,,50.6,,,,43.1â„‰,95%,17.3 mph,333Â°,0 in,100%,0,42,14.9 Âµg/mÂ³,10.4 Âµg/mÂ³,50.5â„‰,5 minutes ago,21.5 ft,0.6 mph,29.98 inHg,11:36 PM
Ehukai Beach Park,ehukai-beach-park,6786e26d4438e40d5e56c085,678661730ea760533db7153c,6822dd1be7fcc2a45d7fe448,false,false,Tue May 13 2025 05:48:11 GMT+0000 (Coordinated Universal Time),Mon Jun 16 2025 08:55:54 GMT+0000 (Coordinated Universal Time),Tue Jun 03 2025 07:19:41 GMT+0000 (Coordinated Universal Time),https://cdn.prod.website-files.com/678661730ea760533db7153d/6822dd016e27315bacd745c3_1280px-Sunset_Beach%2C_Oahu%2C_Hawaii%2C_USA5.jpg,21.66645972,-158.05055442,59-337 Ke Nui Rd,Haleiwa,hawaii,96712,united-states,https://maps.app.goo.gl/ouoiGnpUBYBnwjEH8,,,,,No,,Dogs Allowed,Yes,No,,No,No,,No,Yes,,No,Great,Yes,,78.5,,,,80.1â„‰,74%,14.6 mph,86Â°,0 in,87%,0,31,14 Âµg/mÂ³,8.6 Âµg/mÂ³,79.4â„‰,5 minutes ago,9.5 ft,1.0 mph,30.07 inHg,01:16 AM
El Matador State Beach,el-matador-state-beach,6786e26d4438e40d5e56c085,678661730ea760533db7153c,682282d1ff63b70c30836462,false,false,Mon May 12 2025 23:22:57 GMT+0000 (Coordinated Universal Time),Mon Jun 16 2025 08:56:03 GMT+0000 (Coordinated Universal Time),Tue Jun 03 2025 07:19:41 GMT+0000 (Coordinated Universal Time),https://cdn.prod.website-files.com/678661730ea760533db7153d/682282c92b1df7b4a3425e08_el-matador-state-beach-malibu-california.jpg,34.03821133,-118.87465226,32350 Pacific Coast Hwy,Malibu,california,90265,united-states,https://maps.app.goo.gl/nvHB1wZ4NWvZNwDt6,https://www.californiabeaches.com/beach/el-matador-state-beach/,(818) 880-0363,,,,,,,,,,,,,,,,,,,57.8,,,,56.4â„‰,86%,6 mph,105Â°,0 in,3%,0,47,11.3 Âµg/mÂ³,8.4 Âµg/mÂ³,66.6â„‰,5 minutes ago,15.5 ft,0.4 mph,29.78 inHg,11:08 PM
Glass Beach,glass-beach,6786e26d4438e40d5e56c085,678661730ea760533db7153c,68229a00df091ecfff2eb4f3,false,false,Tue May 13 2025 01:01:52 GMT+0000 (Coordinated Universal Time),Mon Jun 16 2025 08:55:59 GMT+0000 (Coordinated Universal Time),Tue Jun 03 2025 07:19:41 GMT+0000 (Coordinated Universal Time),https://cdn.prod.website-files.com/678661730ea760533db7153d/68229909ddc7d28023c25117_glass-beach-fort-bragg-california.jpg,39.45276644,-123.81350392,Glass Beach Dr & W Elm St,Fort Bragg,california,95437,united-states,https://maps.app.goo.gl/bMxUecFCoDzEra787,https://visitfortbraggca.com/glass-beach/,(707) 964-9112,,,,,,,,,,,,,,,,,,,48.8,,,,46.1â„‰,87%,3.3 mph,332Â°,0 in,6%,0,43,17.9 Âµg/mÂ³,11.9 Âµg/mÂ³,49.5â„‰,5 minutes ago,24.8 ft,N/A,30.05 inHg,11:44 PM
Haleiwa AliÊ»i Beach Park,haleiwa-alii-beach-park,6786e26d4438e40d5e56c085,678661730ea760533db7153c,6822e4739960f9dac742bc1e,false,false,Tue May 13 2025 06:19:31 GMT+0000 (Coordinated Universal Time),Mon Jun 16 2025 08:55:52 GMT+0000 (Coordinated Universal Time),Tue Jun 03 2025 07:19:41 GMT+0000 (Coordinated Universal Time),https://cdn.prod.website-files.com/678661730ea760533db7153d/6822e429875572ceacf5ba94_haleiwa-alii-beach-park-oahu-hawaii.jpg,21.59301462,-158.10898145,66-167 Haleiwa Rd,Haleiwa,hawaii,96712,united-states,https://maps.app.goo.gl/mFChKbj34ieo3XqK6,https://www.gohawaii.com/islands/oahu/things-to-do/beaches/haleiwa-alii-beach-park,,,,Yes,Yes,Allowed,Yes,No,,No,No,,No,Yes,Yes,No,Great,Yes,,78.4,,,,80â„‰,74%,14.6 mph,86Â°,0 in,87%,0,31,14 Âµg/mÂ³,8.6 Âµg/mÂ³,79.2â„‰,5 minutes ago,11.6 ft,0.9 mph,30.07 inHg,01:16 AM
Haleiwa Beach Park,haleiwa-beach-park,6786e26d4438e40d5e56c085,678661730ea760533db7153c,6822e077d732863970bbd685,false,false,Tue May 13 2025 06:02:31 GMT+0000 (Coordinated Universal Time),Mon Jun 16 2025 08:55:53 GMT+0000 (Coordinated Universal Time),Tue Jun 03 2025 07:19:41 GMT+0000 (Coordinated Universal Time),https://cdn.prod.website-files.com/678661730ea760533db7153d/6822e2bf5f896e591d7d65e0_Haleiwa-beach-park-oahu-hawaii.jpg,21.59899706,-158.10310478,62-449 Kamehameha Hwy,Haleiwa,hawaii,96712,united-states,https://maps.app.goo.gl/FqetkFA5TX8zCPJGA,https://www.honolulu.gov/parks/,,,,,,,,,,,,,,,,,,,,78.5,,,,80.1â„‰,74%,14.6 mph,86Â°,0 in,87%,0,31,14 Âµg/mÂ³,8.6 Âµg/mÂ³,79.2â„‰,5 minutes ago,11.6 ft,0.9 mph,30.07 inHg,01:16 AM
Half Moon Bay State Beach,half-moon-bay-state-beach,6786e26d4438e40d5e56c085,678661730ea760533db7153c,6812cbbc88f63b4324d1e289,false,false,Thu May 01 2025 01:17:48 GMT+0000 (Coordinated Universal Time),Mon Jun 16 2025 08:56:08 GMT+0000 (Coordinated Universal Time),Tue Jun 03 2025 07:19:41 GMT+0000 (Coordinated Universal Time),https://cdn.prod.website-files.com/678661730ea760533db7153d/6812cb7be0f47c057009e7fa_Half_Moon_Bay_State_Beach.jpg,37.48399094,-122.45163241,,Half Moon Bay,california,94019,united-states,https://maps.app.goo.gl/qLjjvcXJyjuon3Ti7,https://www.parks.ca.gov/?page_id=531,(650) 726-8819,,8AM - Sunset,,,,,,,,,,,,,,,,,50.6,,,,47.4â„‰,93%,6.7 mph,307Â°,0 in,100%,0,51,17.3 Âµg/mÂ³,12.2 Âµg/mÂ³,55.0â„‰,5 minutes ago,17.7 ft,0.4 mph,30.01 inHg,11:32 PM
Hanalei Bay,hanalei-bay-kauai,6786e26d4438e40d5e56c085,678661730ea760533db7153c,682a4dafd2ec624a7521f7af,false,false,Sun May 18 2025 21:14:23 GMT+0000 (Coordinated Universal Time),Mon Jun 16 2025 08:55:42 GMT+0000 (Coordinated Universal Time),Tue Jun 03 2025 07:19:41 GMT+0000 (Coordinated Universal Time),https://cdn.prod.website-files.com/678661730ea760533db7153d/682a4daca56ab1a14bc475ee_hanalei-bay-kauai-hawaii.jpg,22.20325169,-159.5046793,,Hanalei,hawaii,96714,united-states,https://maps.app.goo.gl/npfAxui4NvzPCePZ9,,,,,,,,,,,,,,,,,,,,,69.3,,,,73.8â„‰,95%,5.4 mph,88Â°,0 in,73%,0,27,11.3 Âµg/mÂ³,6.8 Âµg/mÂ³,81.0â„‰,5 minutes ago,14.4 ft,0.7 mph,30.14 inHg,01:22 AM
Hanauma Bay,hanauma-bay,6786e26d4438e40d5e56c085,678661730ea760533db7153c,6822c80a5ccc0fb2694e85c2,false,false,Tue May 13 2025 04:18:18 GMT+0000 (Coordinated Universal Time),Mon Jun 16 2025 08:55:56 GMT+0000 (Coordinated Universal Time),Tue Jun 03 2025 07:19:41 GMT+0000 (Coordinated Universal Time),https://cdn.prod.website-files.com/678661730ea760533db7153d/6822c7fa7255d6f01f433cf3_hanauma-bay-honolulu-oahu-hawaii.jpg,21.27167792,-157.69486415,100 Hanauma Bay Rd,Honolulu,hawaii,96825,united-states,https://maps.app.goo.gl/igbF1gofvyNLmoD37,http://www.honolulu.gov/parks-hbay/home.html,(808) 768-6861,,,,,,,,,,,,,,,,,,,75.7,,,,78.3â„‰,80%,11.8 mph,68Â°,0 in,100%,0,31,11.3 Âµg/mÂ³,7.2 Âµg/mÂ³,78.7â„‰,5 minutes ago,15.7 ft,2.4 mph,30.08 inHg,01:14 AM
Hermosa Beach,hermosa-beach-california,6786e26d4438e40d5e56c085,678661730ea760533db7153c,682282024244ee6b2b9d2f8c,false,false,Mon May 12 2025 23:19:30 GMT+0000 (Coordinated Universal Time),Mon Jun 16 2025 08:56:03 GMT+0000 (Coordinated Universal Time),Tue Jun 03 2025 07:19:41 GMT+0000 (Coordinated Universal Time),https://cdn.prod.website-files.com/678661730ea760533db7153d/6822814db2f73b6aab50374b_hermosa-beach-los-angeles-california.jpg,33.86228864,-118.40235713,1315 Valley Drive,Hermosa Beach,california,90254,united-states,https://maps.app.goo.gl/AXemKCVJebpt2tAD7,https://www.hermosabeach.gov/,(310) 318-0239,,,,,,,,,,,,,,,,,,,56.9,,,,57.4â„‰,87%,0.9 mph,284Â°,0 in,2%,0,84,38.6 Âµg/mÂ³,37 Âµg/mÂ³,65.6â„‰,5 minutes ago,9.0 ft,0.2 mph,29.87 inHg,11:06 PM
Ho'okipa Beach Park,hookipa-beach-park,6786e26d4438e40d5e56c085,678661730ea760533db7153c,682a4caecd25769e5f465220,false,false,Sun May 18 2025 21:10:06 GMT+0000 (Coordinated Universal Time),Mon Jun 16 2025 08:55:42 GMT+0000 (Coordinated Universal Time),Tue Jun 03 2025 07:19:41 GMT+0000 (Coordinated Universal Time),https://cdn.prod.website-files.com/678661730ea760533db7153d/682a4caa730dc4abd48c10b1_hookipa-beach-park-maui-hawaii.jpg,20.93329436,-156.35857897,179 Hana Hwy,Paia,hawaii,96779,united-states,https://maps.app.goo.gl/jEZa1Hgk6ZKg2yyG6,http://www.co.maui.hi.us/facilities/Facility/Details/169,(808) 572-8122,,5:30AM - 7PM,,,,,,,,,,,,,,,,,78.5,,,,84.7â„‰,76%,4.7 mph,17Â°,0 in,100%,0,29,8 Âµg/mÂ³,5.2 Âµg/mÂ³,79.2â„‰,5 minutes ago,6.9 ft,N/A,30.04 inHg,01:08 AM
Huntington City Beach,huntington-city-beach,6786e26d4438e40d5e56c085,678661730ea760533db7153c,67bfaaf4a2bf5eee1279f069,false,false,Wed Feb 26 2025 23:59:48 GMT+0000 (Coordinated Universal Time),Mon Jun 16 2025 08:56:17 GMT+0000 (Coordinated Universal Time),Tue Jun 03 2025 07:19:41 GMT+0000 (Coordinated Universal Time),https://cdn.prod.website-files.com/678661730ea760533db7153d/67bfa9ada09908eaf813fbac_Huntington_City_Beach_webpage_a97bfba5-8516-4cc6-babf-2a10fa76b1b7.avif,33.6559807,-118.0033719,,Huntington Beach,california,92648,united-states,https://maps.google.com/?cid=5323970697681579723,https://www.surfcityusa.com/things-to-do/beaches/huntington-city-beach/,(714) 536-5281,,5:00â€¯AMâ€‰â€“â€‰10:00â€¯PM,Yes,Yes,Allowed,Yes,No,,No,Yes,"Surfing, volleyball",Yes,Yes,Yes,Yes,Great,Yes,,59.3,"Huntington Beach, CA 92648, USA",4.7,"5/5: Catching sunset at Huntington Beach Pier was unreal. The sky lit up with these insane gold and pink colors that made the ocean look like something out of a painting. Walking along the pier, with the waves crashing below and surfers doing their thing was amazing to watch. Honestly, if you want to grab a bite and watch the sunset, try out HB Pier.",58.5â„‰,86%,5.6 mph,140Â°,0 in,2%,0,57,13.5 Âµg/mÂ³,10.8 Âµg/mÂ³,64.8â„‰,5 minutes ago,10.5 ft,N/A,29.88 inHg,11:04 PM
Huntington State Beach,huntington-state-beach,6786e26d4438e40d5e56c085,678661730ea760533db7153c,67bfaaf5d4ddbe3c4bcf595e,false,false,Wed Feb 26 2025 23:59:49 GMT+0000 (Coordinated Universal Time),Mon Jun 16 2025 08:56:14 GMT+0000 (Coordinated Universal Time),Tue Jun 03 2025 07:19:41 GMT+0000 (Coordinated Universal Time),https://cdn.prod.website-files.com/678661730ea760533db7153d/67bfaaf5d4ddbe3c4bcf5938_P0078666a.jpeg,33.6380444,-117.9736122,Pacific Coast Highway,Huntington Beach,california,92646,united-states,https://maps.google.com/?cid=2497510863309365032,http://www.parks.ca.gov/?page_id=643,(714) 536-1454,,6:00â€¯AMâ€‰â€“â€‰10:00 PM,Yes,Yes,Allowed,Yes,No,,Yes,Yes,Surfing,No,Yes,Yes,Yes,Great,Yes,,61,"21601 Pacific Coast Hwy, CA 92646, USA",4.7,"5/5: I love this beach, my first time visiting it was August of 2024. Then again just recently in September of 2024. The weather is wonderful, normally 65 to 80 degrees. The water IS very cold however once adjusted to it, it's simply spectacular. The waves are huge & great for surfers.",60.1â„‰,91%,8.6 mph,139Â°,0 in,3%,0,57,13.5 Âµg/mÂ³,10.8 Âµg/mÂ³,65.8â„‰,5 minutes ago,10.5 ft,N/A,29.88 inHg,11:03 PM
Kaanapali Beach,kaanapali-beach,6786e26d4438e40d5e56c085,678661730ea760533db7153c,682a48060b542f15c1329a92,false,false,Sun May 18 2025 20:50:14 GMT+0000 (Coordinated Universal Time),Mon Jun 16 2025 08:55:44 GMT+0000 (Coordinated Universal Time),Tue Jun 03 2025 07:19:41 GMT+0000 (Coordinated Universal Time),https://cdn.prod.website-files.com/678661730ea760533db7153d/682a47dff7cedcf70b87dd69_kaanapali-beach-lahaina-maui-hawaii.jpg,20.91782718,-156.69672303,2605 Ka'anapali Parkway,Lahaina,hawaii,96761,united-states,https://maps.app.goo.gl/NcTzFd3thzNJ3EW26,https://www.gohawaii.com/islands/maui/regions/west-maui/kaanapali-beach,,,,,,,,,,,,,,,,,,,,77.9,,,,82.4â„‰,76%,7.8 mph,88Â°,0 in,100%,0,30,7.9 Âµg/mÂ³,5.2 Âµg/mÂ³,80.7â„‰,5 minutes ago,9.7 ft,1.3 mph,30.06 inHg,01:10 AM
Kailua Beach Park,kailua-beach-park,6786e26d4438e40d5e56c085,678661730ea760533db7153c,6822c3be2d65cf83fa6d22cf,false,false,Tue May 13 2025 03:59:58 GMT+0000 (Coordinated Universal Time),Mon Jun 16 2025 08:55:58 GMT+0000 (Coordinated Universal Time),Tue Jun 03 2025 07:19:41 GMT+0000 (Coordinated Universal Time),https://cdn.prod.website-files.com/678661730ea760533db7153d/6822c3a7d3453258c88f72af_kailua-beach-park-oahu-hawaii.jpg,21.39768565,-157.72715352,526 Kawailoa Rd,Kailua,hawaii,96734,united-states,https://maps.app.goo.gl/MaCtEhVi5AAHu9iy6,https://kailuachamber.com/kailua/,(808) 768-8980,,,,,,,,,,,,,,,,,,,75.7,,,,78.3â„‰,80%,11.8 mph,68Â°,0 in,100%,0,31,11.3 Âµg/mÂ³,7.2 Âµg/mÂ³,78.8â„‰,5 minutes ago,17.2 ft,2.9 mph,30.08 inHg,01:14 AM
Kaimana Beach,kaimana-beach-oahu,6786e26d4438e40d5e56c085,678661730ea760533db7153c,682a3d470e71effa735077fb,false,false,Sun May 18 2025 20:04:23 GMT+0000 (Coordinated Universal Time),Mon Jun 16 2025 08:55:50 GMT+0000 (Coordinated Universal Time),Tue Jun 03 2025 07:19:41 GMT+0000 (Coordinated Universal Time),https://cdn.prod.website-files.com/678661730ea760533db7153d/682a3d3b0e71effa73506ee3_kaimana-beach-oahu.jpg,21.26340079,-157.82168598,,Honolulu,hawaii,96815,united-states,https://maps.app.goo.gl/moMAeAXCwdkVNBa89,https://www.kaimana.com/,,,,,,,,,,,,,,,,,,,,76.8,,,,79.4â„‰,76%,11.1 mph,68Â°,0 in,93%,0,31,11 Âµg/mÂ³,7 Âµg/mÂ³,78.6â„‰,5 minutes ago,14.0 ft,2.2 mph,30.07 inHg,01:15 AM
Ko Olina Beach Park,ko-olina-beach-park,6786e26d4438e40d5e56c085,678661730ea760533db7153c,682a3f6be1e3259da63aafb0,false,false,Sun May 18 2025 20:13:31 GMT+0000 (Coordinated Universal Time),Mon Jun 16 2025 08:55:50 GMT+0000 (Coordinated Universal Time),Tue Jun 03 2025 07:19:41 GMT+0000 (Coordinated Universal Time),https://cdn.prod.website-files.com/678661730ea760533db7153d/682a3f67340c485b06f2cb71_ko-olina-beach-park-oahu-hawaii.jpg,21.326053,-158.12233528,92-100 Waipahe Pl,Kapolei,hawaii,96707,united-states,https://maps.app.goo.gl/9o3RPGL3FxCzEaC57,https://wkpd.one/INDjsM,,,,,,,,,,,,,,,,,,,,78.4,,,,82â„‰,72%,8.9 mph,80Â°,0 in,45%,0,31,11 Âµg/mÂ³,7 Âµg/mÂ³,78.7â„‰,5 minutes ago,12.9 ft,2.4 mph,30.06 inHg,01:16 AM
Kualoa Beach,kualoa-beach,6786e26d4438e40d5e56c085,678661730ea760533db7153c,682a40c4d03007e9df243d97,false,false,Sun May 18 2025 20:19:16 GMT+0000 (Coordinated Universal Time),Mon Jun 16 2025 08:55:49 GMT+0000 (Coordinated Universal Time),Tue Jun 03 2025 07:19:41 GMT+0000 (Coordinated Universal Time),https://cdn.prod.website-files.com/678661730ea760533db7153d/682a40c12b3483828b550143_kualoa-beach-kaneohe-oahu-hawaii.jpg,21.53573942,-157.83943851,,Kaneohe,hawaii,96730,united-states,https://maps.app.goo.gl/zbKNFbRzYPvf8jU16,,,,,,,,,,,,,,,,,,,,,76.8,,,,79.4â„‰,76%,11.1 mph,68Â°,0 in,93%,0,31,14 Âµg/mÂ³,8.6 Âµg/mÂ³,80.1â„‰,5 minutes ago,17.7 ft,1.8 mph,30.06 inHg,01:15 AM
Kuhio Beach Park,kuhio-beach-park,6786e26d4438e40d5e56c085,678661730ea760533db7153c,682a403d66b80efee6796cd7,false,false,Sun May 18 2025 20:17:01 GMT+0000 (Coordinated Universal Time),Mon Jun 16 2025 08:55:49 GMT+0000 (Coordinated Universal Time),Tue Jun 03 2025 07:19:41 GMT+0000 (Coordinated Universal Time),https://cdn.prod.website-files.com/678661730ea760533db7153d/682a4038812d58845fbb2a87_kuhio-beach-park-honolulu-oahu-hawaii.jpg,21.27330453,-157.82405611,,Honolulu,hawaii,96815,united-states,https://maps.app.goo.gl/Bt3n6shm4hx8P7KTA,,,,,,,,,,,,,,,,,,,,,76.8,,,,79.4â„‰,76%,11.1 mph,68Â°,0 in,93%,0,31,11 Âµg/mÂ³,7 Âµg/mÂ³,78.6â„‰,5 minutes ago,14.0 ft,2.2 mph,30.07 inHg,01:15 AM
KÄhala Beach,kahala-beach-oahu,6786e26d4438e40d5e56c085,678661730ea760533db7153c,682a466ed900cb46435e9386,false,false,Sun May 18 2025 20:43:26 GMT+0000 (Coordinated Universal Time),Mon Jun 16 2025 08:55:44 GMT+0000 (Coordinated Universal Time),Tue Jun 03 2025 07:19:41 GMT+0000 (Coordinated Universal Time),https://cdn.prod.website-files.com/678661730ea760533db7153d/682a465cd9bb44f977de27a6_kahala-beach-honolulu-oahu-hawaii.jpeg,21.27068838,-157.77517653,,"Honolulu, HI",hawaii,96816,united-states,https://maps.app.goo.gl/FHeHbiWqFoiPSEwB7,,,,,,,,,,,,,,,,,,,,,75.7,,,,78.1â„‰,80%,11.8 mph,68Â°,0 in,100%,0,31,11.3 Âµg/mÂ³,7.2 Âµg/mÂ³,78.6â„‰,5 minutes ago,14.0 ft,2.2 mph,30.06 inHg,01:14 AM
La Costa Beach,malibu-la-costa-beach,6786e26d4438e40d5e56c085,678661730ea760533db7153c,67e23ec6a7c33266e22b4010,false,false,Tue Mar 25 2025 05:27:34 GMT+0000 (Coordinated Universal Time),Mon Jun 16 2025 08:56:11 GMT+0000 (Coordinated Universal Time),Tue Jun 03 2025 07:19:41 GMT+0000 (Coordinated Universal Time),https://cdn.prod.website-files.com/678661730ea760533db7153d/67e23ebe3ddeabd6486da7ba_la-costa-beach.jpg,34.03794973,-118.642341,,Malibu,california,90265,united-states,https://maps.app.goo.gl/ePGf8syC1F8xqzMv5,https://www.malibucity.org/96/Malibu-Beaches,,,,,,,,,,,,,,,,,,,,58.6,,,,57.7â„‰,88%,5.8 mph,118Â°,0 in,2%,0,47,11.3 Âµg/mÂ³,8.4 Âµg/mÂ³,66.4â„‰,5 minutes ago,13.6 ft,0.6 mph,29.84 inHg,11:07 PM
La Jolla Shores Beach,la-jolla-shores-beach,6786e26d4438e40d5e56c085,678661730ea760533db7153c,6812fe42d6349d86f72c1f13,false,false,Thu May 01 2025 04:53:22 GMT+0000 (Coordinated Universal Time),Mon Jun 16 2025 08:56:06 GMT+0000 (Coordinated Universal Time),Tue Jun 03 2025 07:19:41 GMT+0000 (Coordinated Universal Time),https://cdn.prod.website-files.com/678661730ea760533db7153d/6812fdd16465f4261c3e23ad_la-jolla-shores-beach-california.jpg,32.85789093,-117.25720501,,San Diego,california,92037,united-states,https://maps.app.goo.gl/f45tJTYh5df1pjrV9,https://www.sandiego.gov/lifeguards/beaches/shores,(619) 221-8899,,,,,,,,,,,,,,,,,,,62.8,,,,65â„‰,99%,5.4 mph,189Â°,0 in,100%,0,78,36.6 Âµg/mÂ³,31.7 Âµg/mÂ³,67.9â„‰,5 minutes ago,11.2 ft,0.6 mph,29.91 inHg,10:59 PM
Laguna Beach,laguna-beach,6786e26d4438e40d5e56c085,678661730ea760533db7153c,6812fb5539372958a38bf862,false,false,Thu May 01 2025 04:40:53 GMT+0000 (Coordinated Universal Time),Mon Jun 16 2025 08:56:07 GMT+0000 (Coordinated Universal Time),Tue Jun 03 2025 07:19:41 GMT+0000 (Coordinated Universal Time),https://cdn.prod.website-files.com/678661730ea760533db7153d/6812fb16650acd82abb61786_laguna-beach-california.jpg,33.54219261,-117.78478901,Broadway St & Pacific Coast Hwy,Laguna Beach,california,92651,united-states,https://maps.app.goo.gl/K5Czw6ruBmk8x1BR7,https://www.lagunabeachcity.net,+19494973311,,,,,,,,,,,,,,,,,,,62,,,,63.7â„‰,96%,5 mph,144Â°,0 in,100%,0,69,14.7 Âµg/mÂ³,12.3 Âµg/mÂ³,65.9â„‰,5 minutes ago,10.5 ft,N/A,29.88 inHg,11:02 PM
Laniakea Beach,laniakea-beach,6786e26d4438e40d5e56c085,678661730ea760533db7153c,6822df066ade410af8473fc4,false,false,Tue May 13 2025 05:56:22 GMT+0000 (Coordinated Universal Time),Mon Jun 16 2025 08:55:53 GMT+0000 (Coordinated Universal Time),Tue Jun 03 2025 07:19:41 GMT+0000 (Coordinated Universal Time),https://cdn.prod.website-files.com/678661730ea760533db7153d/6822deea088a765729494b40_laniakea-beach-haleiwa-oahu-hawaii.jpg,21.61979841,-158.08500379,"574, 61-574 Pohaku Loa Way",Haleiwa,hawaii,96712,united-states,https://maps.app.goo.gl/DYocxXB938eYUKpv8,https://laniakeabeach.com/,,,Roadside parking only,No,No,,No,No,,No,Yes,Swim with the turtles,No,,,,,,,78.5,,,,80.1â„‰,74%,14.6 mph,86Â°,0 in,87%,0,31,14 Âµg/mÂ³,8.6 Âµg/mÂ³,79.2â„‰,5 minutes ago,11.6 ft,0.9 mph,30.07 inHg,01:16 AM
Lanikai Beach,lanikai-beach,6786e26d4438e40d5e56c085,678661730ea760533db7153c,6822c2c122b5d7e0ac2e1516,false,false,Tue May 13 2025 03:55:45 GMT+0000 (Coordinated Universal Time),Mon Jun 16 2025 08:55:58 GMT+0000 (Coordinated Universal Time),Tue Jun 03 2025 07:19:41 GMT+0000 (Coordinated Universal Time),https://cdn.prod.website-files.com/678661730ea760533db7153d/6822c055ef3fd177f689d70c_lanikai-beach-oahu-hawaii.jpeg,21.39282113,-157.7151781,,Kailua,hawaii,96734,united-states,https://maps.app.goo.gl/ZjwvSg19Z5utWzWJ9,https://kailuachamber.com/kailua/,,,,,,,,,,,,,,,,,,,,75.7,,,,78.3â„‰,80%,11.8 mph,68Â°,0 in,100%,0,31,11.3 Âµg/mÂ³,7.2 Âµg/mÂ³,78.8â„‰,5 minutes ago,17.2 ft,2.9 mph,30.08 inHg,01:14 AM
Las Flores Beach,malibu-las-flores-beach,6786e26d4438e40d5e56c085,678661730ea760533db7153c,67e24702ea51ba050d881770,false,false,Tue Mar 25 2025 06:02:42 GMT+0000 (Coordinated Universal Time),Mon Jun 16 2025 08:56:11 GMT+0000 (Coordinated Universal Time),Tue Jun 03 2025 07:19:41 GMT+0000 (Coordinated Universal Time),https://cdn.prod.website-files.com/678661730ea760533db7153d/67e246fca835c54ace874959_las-flores-beach-malibu.jpg,34.03639761,-118.63642923,,Malibu,california,90265,united-states,"https://www.google.com/maps/@34.0367393,-118.6372218,791m/data=!3m1!1e3?entry=ttu&g_ep=EgoyMDI1MDMxOS4yIKXMDSoASAFQAw%3D%3D",https://www.malibucity.org/96/Malibu-Beaches,,,,,,,,,,,,,,,,,,,,58.6,,,,57.8â„‰,88%,5.8 mph,118Â°,0 in,2%,0,47,11.3 Âµg/mÂ³,8.4 Âµg/mÂ³,66.4â„‰,5 minutes ago,13.6 ft,0.6 mph,29.85 inHg,11:07 PM
Las Tunas Beach,malibu-las-tunas-beach,6786e26d4438e40d5e56c085,678661730ea760533db7153c,67e39580c9fbc333cf6f4474,false,false,Wed Mar 26 2025 05:49:52 GMT+0000 (Coordinated Universal Time),Mon Jun 16 2025 08:56:10 GMT+0000 (Coordinated Universal Time),Tue Jun 03 2025 07:19:41 GMT+0000 (Coordinated Universal Time),https://cdn.prod.website-files.com/678661730ea760533db7153d/67e395cea6f38bf3419f4afb_malibu-las-tunas-beach.jpg,34.03919357,-118.59813294,,Malibu,california,90265,united-states,https://maps.app.goo.gl/UG4f2sHtim8SWxC67,https://www.malibucity.org/96/Malibu-Beaches,,,,,,,,,,,,,,,,,,,,59,,,,57â„‰,78%,6.4 mph,100Â°,0 in,0%,0,84,38.6 Âµg/mÂ³,37 Âµg/mÂ³,66.4â„‰,5 minutes ago,13.6 ft,0.6 mph,29.76 inHg,11:07 PM
Makaha Beach Park,makaha-beach-park,6786e26d4438e40d5e56c085,678661730ea760533db7153c,6822e69f6b4b2e73de9c941c,false,false,Tue May 13 2025 06:28:47 GMT+0000 (Coordinated Universal Time),Mon Jun 16 2025 08:55:52 GMT+0000 (Coordinated Universal Time),Tue Jun 03 2025 07:19:41 GMT+0000 (Coordinated Universal Time),https://cdn.prod.website-files.com/678661730ea760533db7153d/6822e68a87ade7cbca062024_makaha-beach-park-oahu-hawaii.jpg,21.47973963,-158.2208374,84-369 Farrington Hwy,Waianae,hawaii,96792,united-states,https://maps.app.goo.gl/hxzszuGda6dbTKtU9,https://www.gohawaii.com/islands/oahu/regions/leeward-coast/makaha-beach,,,,Yes,Yes,,Yes,No,,No,,,No,,Yes,No,Great,Yes,,78.3,,,,81.7â„‰,72%,8.9 mph,80Â°,0 in,45%,0,29,11.7 Âµg/mÂ³,7.2 Âµg/mÂ³,79.4â„‰,5 minutes ago,9.5 ft,1.0 mph,30.01 inHg,01:16 AM
Malibu Lagoon State Beach,malibu-lagoon-state-beach,6786e26d4438e40d5e56c085,678661730ea760533db7153c,67e399d2b05ef06971f2d3a3,false,false,Wed Mar 26 2025 06:08:18 GMT+0000 (Coordinated Universal Time),Mon Jun 16 2025 08:56:09 GMT+0000 (Coordinated Universal Time),Tue Jun 03 2025 07:19:41 GMT+0000 (Coordinated Universal Time),https://cdn.prod.website-files.com/678661730ea760533db7153d/67e399cda3e91af09251d8d3_malibu-lagoon-state-beach.png,34.03355703,-118.68157335,,Malibu,california,90265,united-states,https://maps.app.goo.gl/TVQjQAziNdLTbf4aA,https://www.malibucity.org/96/Malibu-Beaches,,,,,,,,,,,,,,,,,,,,57.6,,,,57.4â„‰,92%,4.5 mph,108Â°,0 in,5%,0,47,11.3 Âµg/mÂ³,8.4 Âµg/mÂ³,66.2â„‰,5 minutes ago,14.2 ft,0.3 mph,29.87 inHg,11:08 PM
Manhattan Beach,manhattan-beach,6786e26d4438e40d5e56c085,678661730ea760533db7153c,6812ff898f62fb46e9f205b3,false,false,Thu May 01 2025 04:58:49 GMT+0000 (Coordinated Universal Time),Mon Jun 16 2025 08:56:06 GMT+0000 (Coordinated Universal Time),Tue Jun 03 2025 07:19:41 GMT+0000 (Coordinated Universal Time),https://cdn.prod.website-files.com/678661730ea760533db7153d/6812fecd27ec0285a0275eaa_manhattan-beach-california.jpg,33.88115521,-118.41059462,,Manhattan Beach,california,90266,united-states,https://maps.app.goo.gl/ChkNMipP9GwJtRaRA,https://www.manhattanbeach.gov/,(310) 802-5000,,,,,,,,,,,,,,,,,,,57.4,,,,56.8â„‰,85%,3.4 mph,203Â°,0 in,5%,0,84,38.6 Âµg/mÂ³,37 Âµg/mÂ³,65.6â„‰,5 minutes ago,9.0 ft,0.2 mph,29.87 inHg,11:06 PM
Manini'owali Beach (Kua Bay),maniniowali-beach-kua-bay,6786e26d4438e40d5e56c085,678661730ea760533db7153c,682a49b6d900cb464361804f,false,false,Sun May 18 2025 20:57:26 GMT+0000 (Coordinated Universal Time),Mon Jun 16 2025 08:55:43 GMT+0000 (Coordinated Universal Time),Tue Jun 03 2025 07:19:41 GMT+0000 (Coordinated Universal Time),https://cdn.prod.website-files.com/678661730ea760533db7153d/682a49b2d900cb4643617b32_maniniowali-beach-kua-bay-big-island-hawaii.jpg,19.81079068,-156.00630866,,Kalaoa,hawaii,96740,united-states,https://maps.app.goo.gl/jkVv2t5XaSjFyyq87,,,,,,,,,,,,,,,,,,,,,81.5,,,,89.7â„‰,78%,4.7 mph,245Â°,0 in,100%,0,30,10.7 Âµg/mÂ³,7 Âµg/mÂ³,80.1â„‰,5 minutes ago,10.8 ft,1.6 mph,30.03 inHg,01:04 AM
Mission Beach,mission-beach-san-diego,6786e26d4438e40d5e56c085,678661730ea760533db7153c,68227e29f968842a773dc905,false,false,Mon May 12 2025 23:03:05 GMT+0000 (Coordinated Universal Time),Mon Jun 16 2025 08:56:04 GMT+0000 (Coordinated Universal Time),Tue Jun 03 2025 07:19:41 GMT+0000 (Coordinated Universal Time),https://cdn.prod.website-files.com/678661730ea760533db7153d/68227e20e6b25035d3caf83b_mission-beach-san-diego-california.jpg,32.77072952,-117.25445729,,San Diego,california,92109,united-states,https://maps.app.goo.gl/vfjFsaUq1SYGFAgq7,https://www.sandiego.gov/lifeguards/beaches/mb,(619) 221-8899,,,,,,,,,,,,,,,,,,,62.5,,,,65.1â„‰,99%,4 mph,183Â°,0 in,100%,0,78,36.6 Âµg/mÂ³,31.7 Âµg/mÂ³,67.5â„‰,5 minutes ago,11.8 ft,0.3 mph,29.91 inHg,10:58 PM
Monterey State Beach,monterey-state-beach,6786e26d4438e40d5e56c085,678661730ea760533db7153c,6812c6c38162c7e89396dd14,false,false,Thu May 01 2025 00:56:35 GMT+0000 (Coordinated Universal Time),Mon Jun 16 2025 08:56:09 GMT+0000 (Coordinated Universal Time),Tue Jun 03 2025 07:19:41 GMT+0000 (Coordinated Universal Time),https://cdn.prod.website-files.com/678661730ea760533db7153d/6812ca5642b65bc9e551c505_monterey-state-beach.jpg,36.61294876,-121.85790797,,Monterey,california,93955,united-states,https://maps.app.goo.gl/YvtHFybxFEe2eBS36,https://www.parks.ca.gov/?page_id=576,(831) 649-2836,,,,,,,,,,,,,,,,,,,53.6,,,,51.6â„‰,91%,5.6 mph,310Â°,0 in,51%,0,47,14.7 Âµg/mÂ³,10.9 Âµg/mÂ³,55.1â„‰,5 minutes ago,19.4 ft,0.5 mph,30.02 inHg,11:27 PM
Moonstone Beach,moonstone-beach,6786e26d4438e40d5e56c085,678661730ea760533db7153c,68228b2cd7cdbb54f4b2046d,false,false,Mon May 12 2025 23:58:36 GMT+0000 (Coordinated Universal Time),Mon Jun 16 2025 08:56:01 GMT+0000 (Coordinated Universal Time),Tue Jun 03 2025 07:19:41 GMT+0000 (Coordinated Universal Time),https://cdn.prod.website-files.com/678661730ea760533db7153d/68228a80b1d34c0a5580b698_moonstone-beach-cambria-california.jpg,35.56354372,-121.1078524,,Cambria,california,93428,united-states,https://maps.app.goo.gl/TTjio5PepMNYtKhaA,https://www.cambriachamber.org/camping-parks,,,,,,,,,,,,,,,,,,,,51.7,,,,51â„‰,99%,2.7 mph,138Â°,0 in,93%,0,40,6.2 Âµg/mÂ³,4.6 Âµg/mÂ³,53.5â„‰,5 minutes ago,22.8 ft,0.4 mph,29.90 inHg,11:21 PM
Morro Rock Beach,morro-rock-beach,6786e26d4438e40d5e56c085,678661730ea760533db7153c,68130071bae4cb4d0b09b7ed,false,false,Thu May 01 2025 05:02:41 GMT+0000 (Coordinated Universal Time),Mon Jun 16 2025 08:56:05 GMT+0000 (Coordinated Universal Time),Tue Jun 03 2025 07:19:41 GMT+0000 (Coordinated Universal Time),https://cdn.prod.website-files.com/678661730ea760533db7153d/68130065bae4cb4d0b09ae6e_morro-rock-beach-morro-bay-california.jpg,35.37257535,-120.86441808,Coleman Dr,Morro Bay,california,93442,united-states,https://maps.app.goo.gl/eNheVkefs7UjpT9fA,http://www.morro-bay.ca.us/383/Morro-Rock-Beach,+18057726254,,,,,,,,,,,,,,,,,,,52.9,,,,52.9â„‰,97%,1.6 mph,262Â°,0 in,90%,0,35,10.8 Âµg/mÂ³,7.7 Âµg/mÂ³,55.5â„‰,5 minutes ago,20.9 ft,0.2 mph,29.94 inHg,11:20 PM
MÄlaekahana Beach,malaekahana-beach,6786e26d4438e40d5e56c085,678661730ea760533db7153c,682a42e7fd0f83e4bed4802e,false,false,Sun May 18 2025 20:28:23 GMT+0000 (Coordinated Universal Time),Mon Jun 16 2025 08:55:47 GMT+0000 (Coordinated Universal Time),Tue Jun 03 2025 07:19:41 GMT+0000 (Coordinated Universal Time),https://cdn.prod.website-files.com/678661730ea760533db7153d/682a42e1dc54b2b8d291daed_malaekahana-beach-koolauloa-oahu-hawaii.jpg,21.67062585,-157.93706466,,Koolauloa,hawaii,96731,united-states,https://maps.app.goo.gl/HDmhbC2qvT5tXAXZ7,,,,,,,,,,,,,,,,,,,,,73.3,,,,76.4â„‰,86%,10.1 mph,84Â°,0 in,100%,0,31,14 Âµg/mÂ³,8.6 Âµg/mÂ³,79.0â„‰,5 minutes ago,18.5 ft,0.9 mph,30.08 inHg,01:15 AM
Napili Bay,napili-bay-maui,6786e26d4438e40d5e56c085,678661730ea760533db7153c,682a4af887d4f90ba8cc933f,false,false,Sun May 18 2025 21:02:48 GMT+0000 (Coordinated Universal Time),Mon Jun 16 2025 08:55:43 GMT+0000 (Coordinated Universal Time),Tue Jun 03 2025 07:19:41 GMT+0000 (Coordinated Universal Time),https://cdn.prod.website-files.com/678661730ea760533db7153d/682a4af5d71c26278feab21d_Napili-Bay-maui-hawaii.jpg,20.99481322,-156.66677197,,Kapalua,hawaii,96761,united-states,https://maps.app.goo.gl/VtCwJ67BcWWeMocx6,,,,,,,,,,,,,,,,,,,,,79.7,,,,84â„‰,76%,10.6 mph,30Â°,0 in,91%,0,30,7.9 Âµg/mÂ³,5.2 Âµg/mÂ³,80.7â„‰,5 minutes ago,9.7 ft,1.3 mph,30.07 inHg,01:09 AM
Natural Bridges State Beach,natural-bridges-state-beach,6786e26d4438e40d5e56c085,678661730ea760533db7153c,682297f16b3aea3f8c290e07,false,false,Tue May 13 2025 00:53:05 GMT+0000 (Coordinated Universal Time),Mon Jun 16 2025 08:55:59 GMT+0000 (Coordinated Universal Time),Tue Jun 03 2025 07:19:41 GMT+0000 (Coordinated Universal Time),https://cdn.prod.website-files.com/678661730ea760533db7153d/682297df9488e22838bed444_natural-bridges-state-beach-santa-cruz-california.jpeg,36.95082925,-122.05755062,2531 W Cliff Dr,Santa Cruz,california,95060,united-states,https://maps.app.goo.gl/nUDijtKtSx1nQ2uE7,https://www.parks.ca.gov/?page_id=541,(831) 423-4609,,,,,,,,,,,,,,,,,,,52.9,,,,51.5â„‰,91%,3.6 mph,281Â°,0 in,8%,0,47,14.7 Âµg/mÂ³,10.9 Âµg/mÂ³,57.7â„‰,5 minutes ago,15.1 ft,0.6 mph,30.00 inHg,11:29 PM
Newport Municipal Beach,newport-municipal-beach,6786e26d4438e40d5e56c085,678661730ea760533db7153c,67bfaaf59b138a50f6f6b2b6,false,false,Wed Feb 26 2025 23:59:49 GMT+0000 (Coordinated Universal Time),Mon Jun 16 2025 08:56:14 GMT+0000 (Coordinated Universal Time),Tue Jun 03 2025 07:19:41 GMT+0000 (Coordinated Universal Time),https://cdn.prod.website-files.com/678661730ea760533db7153d/67bfa9af74b420907f29bc3f_AB5caB_H0OGWO7ee9Sdm1M40JT0-kt_y_dHzfwmoFWw4LCyVMyf3oY_9AGU8db7Kc3tYT2HGkHXcshtG2frdjrZZqA9d80d5nOHZnfTjQUoEqzywQ7M40P_qcXkGxOFUKD2vqGR5yIOY%3Dw1080-h624-n-k-no.jpeg,33.608188,-117.9297184,West Balboa Boulevard,Newport Beach,california,92661,united-states,https://maps.google.com/?cid=3082405148509544130,https://www.newportbeachca.gov/how-do-i-/find/beach-information,(949) 644-3309,,6:00â€¯AMâ€‰â€“â€‰10:00â€¯PM,Yes,Yes,Allowed,Yes,No,,No,Yes,Surfing,No,Yes,Yes,Yes,Great,Yes,,61,"Newport Beach, CA 92661, USA",4.7,5/5: Newport is a really nice little town in the middle of big LA. It is quaint and beautiful. We enjoy strolling along here and also enjoyed dipping our toes in the Pacific Ocean. Whilst in LA this should really be on your to do list. New time we come we will plan to stay longer. It is also to be noted that it is very convenient (even with a big car) and has lots of restaurants & shops. Highly recommended!,60.2â„‰,91%,8.6 mph,139Â°,0 in,3%,0,57,13.5 Âµg/mÂ³,10.8 Âµg/mÂ³,65.8â„‰,5 minutes ago,10.5 ft,N/A,29.90 inHg,11:03 PM
Ocean Beach,ocean-beach-san-francisco,6786e26d4438e40d5e56c085,678661730ea760533db7153c,6812ce1ec2e7db534a312a0e,false,false,Thu May 01 2025 01:27:58 GMT+0000 (Coordinated Universal Time),Mon Jun 16 2025 08:56:08 GMT+0000 (Coordinated Universal Time),Tue Jun 03 2025 07:19:41 GMT+0000 (Coordinated Universal Time),https://cdn.prod.website-files.com/678661730ea760533db7153d/6812ce182ce9712cce0c62d1_ocean-beach-san-francisco.jpg,37.76042679,-122.51107781,,San Francisco,california,94121,united-states,https://maps.app.goo.gl/ZM6W4RMXdtrM1pmd6,http://www.parksconservancy.org/visit/park-sites/ocean-beach.html,(415) 554-6920,,,,,,,,,,,,,,,,,,,51.4,,,,45.6â„‰,94%,13.7 mph,276Â°,0 in,61%,0,51,17.3 Âµg/mÂ³,12.2 Âµg/mÂ³,54.1â„‰,5 minutes ago,16.4 ft,1.1 mph,30.03 inHg,11:33 PM
Pacific Beach,pacific-beach-san-diego,6786e26d4438e40d5e56c085,678661730ea760533db7153c,682276b829ced8830642eaff,false,false,Mon May 12 2025 22:31:20 GMT+0000 (Coordinated Universal Time),Mon Jun 16 2025 08:56:04 GMT+0000 (Coordinated Universal Time),Tue Jun 03 2025 07:19:41 GMT+0000 (Coordinated Universal Time),https://cdn.prod.website-files.com/678661730ea760533db7153d/682276b070b97e9c8bb408b8_pacific-beach-san-diego-california.jpg,32.79584181,-117.25760589,,Pacific Beach,california,92109,united-states,https://maps.app.goo.gl/RvQAAYps612E4qRX7,https://www.sandiego.gov/lifeguards/beaches/pb,(619) 221-8899,,,,,,,,,,,,,,,,,,,62.5,,,,65.1â„‰,99%,4 mph,183Â°,0 in,100%,0,78,36.6 Âµg/mÂ³,31.7 Âµg/mÂ³,67.5â„‰,5 minutes ago,11.8 ft,0.3 mph,29.91 inHg,10:58 PM
Pfeiffer Beach,pfeiffer-beach,6786e26d4438e40d5e56c085,678661730ea760533db7153c,682289c935dc6627eb0f3032,false,false,Mon May 12 2025 23:52:41 GMT+0000 (Coordinated Universal Time),Mon Jun 16 2025 08:56:02 GMT+0000 (Coordinated Universal Time),Tue Jun 03 2025 07:19:41 GMT+0000 (Coordinated Universal Time),https://cdn.prod.website-files.com/678661730ea760533db7153d/682289b9e0071bf54cee8121_Julia_Pfeiffer_Burns_California_State_Park.jpg,36.23818142,-121.81620749,,,california,93920,united-states,https://maps.app.goo.gl/C6Wt7jZWKgC9ABmE9,https://www.fs.usda.gov/r05/lospadres/recreation/pfeiffer-beach-day-use,(805) 968-6648,,,,,,,,,,,,,,,,,,,55,,,,46.6â„‰,68%,16.7 mph,328Â°,0 in,2%,0,44,14.7 Âµg/mÂ³,10.4 Âµg/mÂ³,52.7â„‰,5 minutes ago,21.7 ft,0.7 mph,29.97 inHg,11:26 PM
Pismo Beach,pismo-beach,6786e26d4438e40d5e56c085,678661730ea760533db7153c,6813013cbd2543817dcdc07b,false,false,Thu May 01 2025 05:06:04 GMT+0000 (Coordinated Universal Time),Mon Jun 16 2025 08:56:05 GMT+0000 (Coordinated Universal Time),Tue Jun 03 2025 07:19:41 GMT+0000 (Coordinated Universal Time),https://cdn.prod.website-files.com/678661730ea760533db7153d/67ee183112460fbf59b9f45d_People%20Walking%20on%20Beach%20by%20Cliffs-pismo%20beach%20california.jpg,35.13910422,-120.64419296,100 Pomeroy Ave,Pismo Beach,california,93449,united-states,https://maps.app.goo.gl/YWDm3f4kMMDqcTDv8,https://www.experiencepismobeach.com/,(805) 556-7397,,,,,,,,,,,,,,,,,,,53.3,,,,52.5â„‰,98%,4 mph,90Â°,0 in,63%,0,35,10.8 Âµg/mÂ³,7.7 Âµg/mÂ³,56.0â„‰,5 minutes ago,23.7 ft,0.4 mph,29.94 inHg,11:18 PM
Poipu Beach,poipu-beach-kauai,6786e26d4438e40d5e56c085,678661730ea760533db7153c,682a4926a90628284c36d8c5,false,false,Sun May 18 2025 20:55:02 GMT+0000 (Coordinated Universal Time),Mon Jun 16 2025 08:55:43 GMT+0000 (Coordinated Universal Time),Tue Jun 03 2025 07:19:41 GMT+0000 (Coordinated Universal Time),https://cdn.prod.website-files.com/678661730ea760533db7153d/682a49205eb7d6aa13fcb419_poipu-beach-kauai-hawaii.jpg,21.87344576,-159.45420829,,Poipu,hawaii,96756,united-states,https://maps.app.goo.gl/wjw6SixDK9Ch7Nha7,https://poipubeach.org/beaches/poipu-beach/,,,,,,,,,,,,,,,,,,,,71.9,,,,75.6â„‰,87%,7.3 mph,52Â°,0 in,64%,0,25,7.5 Âµg/mÂ³,4.8 Âµg/mÂ³,79.7â„‰,5 minutes ago,15.7 ft,0.4 mph,30.10 inHg,01:22 AM
Punalu'u Beach,punaluu-beach-big-island,6786e26d4438e40d5e56c085,678661730ea760533db7153c,682a4be4d9537000b519d005,false,false,Sun May 18 2025 21:06:44 GMT+0000 (Coordinated Universal Time),Mon Jun 16 2025 08:55:42 GMT+0000 (Coordinated Universal Time),Tue Jun 03 2025 07:19:41 GMT+0000 (Coordinated Universal Time),https://cdn.prod.website-files.com/678661730ea760533db7153d/682a4bdead5caa9cf3e4d850_punaluu-beach-big-island-hawaii.jpg,19.13582153,-155.50478151,96-876 Government Road,Naalehu,hawaii,96772,united-states,https://maps.app.goo.gl/W9BuR62QVxerF6cP8,https://www.parks.hawaiicounty.gov/Home/Components/FacilityDirectory/FacilityDirectory/618/1912?npage=2,(808) 961-8311,,,,,,,,,,,,,,,,,,,73.1,,,,77.6â„‰,81%,4.6 mph,67Â°,0 in,100%,0,28,5 Âµg/mÂ³,3.4 Âµg/mÂ³,78.7â„‰,5 minutes ago,15.5 ft,0.9 mph,30.07 inHg,01:00 AM
Rodeo Beach,rodeo-beach,6786e26d4438e40d5e56c085,678661730ea760533db7153c,6822a01ad353a2a7e9bfac43,false,false,Tue May 13 2025 01:27:54 GMT+0000 (Coordinated Universal Time),Mon Jun 16 2025 08:55:58 GMT+0000 (Coordinated Universal Time),Tue Jun 03 2025 07:19:41 GMT+0000 (Coordinated Universal Time),https://cdn.prod.website-files.com/678661730ea760533db7153d/6822a00fa3cb1eb6e5041010_rodeo-beach-sausalito-california.jpg,37.83090188,-122.53703783,1049 Mitchell Rd,Sausalito,california,94965,united-states,https://maps.app.goo.gl/fpS4gji7H47QUTMr8,https://www.nps.gov/places/000/rodeo-beach,(415) 561-4700,,,Yes,,,Yes,No,,Yes,,,,,,,,,,50.3,,,,44.4â„‰,95%,13.3 mph,283Â°,0 in,32%,0,39,11.1 Âµg/mÂ³,8.8 Âµg/mÂ³,54.1â„‰,5 minutes ago,16.4 ft,1.1 mph,30.01 inHg,11:34 PM
Sandy Beach,sandy-beach-oahu,6786e26d4438e40d5e56c085,678661730ea760533db7153c,6822c96ce8e420016921413f,false,false,Tue May 13 2025 04:24:12 GMT+0000 (Coordinated Universal Time),Mon Jun 16 2025 08:55:56 GMT+0000 (Coordinated Universal Time),Tue Jun 03 2025 07:19:41 GMT+0000 (Coordinated Universal Time),https://cdn.prod.website-files.com/678661730ea760533db7153d/6822c95d4a738707ab857ff9_sandy-beach-honolulu-oahu-hawaii.jpg,21.28645282,-157.6728788,,Honolulu,hawaii,96825,united-states,https://maps.app.goo.gl/A79LNdKBU657xrDs5,,,,,,,,,,,,,,,,,,,,,75.7,,,,78.1â„‰,80%,11.8 mph,68Â°,0 in,100%,0,31,11.3 Âµg/mÂ³,7.2 Âµg/mÂ³,78.7â„‰,5 minutes ago,15.7 ft,2.4 mph,30.05 inHg,01:14 AM
Santa Cruz Beach,santa-cruz-beach,6786e26d4438e40d5e56c085,678661730ea760533db7153c,67df65fa899b36325bc2b96e,false,false,Sun Mar 23 2025 01:38:02 GMT+0000 (Coordinated Universal Time),Mon Jun 16 2025 08:56:13 GMT+0000 (Coordinated Universal Time),Tue Jun 03 2025 07:19:41 GMT+0000 (Coordinated Universal Time),https://cdn.prod.website-files.com/678661730ea760533db7153d/67df6729deaafba12017e307_Santa%20Cruz.jpg,36.96321637,-122.01830766,21 Municipal Wharf,Santa Cruz,california,95060,united-states,"https://www.google.com/maps/place/Santa+Cruz+Beach/@36.9636809,-122.0286613,3447m/data=!3m2!1e3!4b1!4m6!3m5!1s0x808e6a982b293ba9:0x3978417962700c16!8m2!3d36.9636818!4d-122.0183616!16s%2Fg%2F1thy00pg?entry=ttu&g_ep=EgoyMDI1MDMxOS4yIKXMDSoASAFQAw%3D%3D",https://www.cityofsantacruz.com/government/city-departments/parks-recreation/facilities/santa-cruz-wharf,,,,Yes,Yes,,Yes,,,,,,Yes,,Yes,,Great,Yes,,53,,,,51.6â„‰,91%,3.6 mph,281Â°,0 in,8%,0,47,14.7 Âµg/mÂ³,10.9 Âµg/mÂ³,57.7â„‰,5 minutes ago,15.1 ft,0.6 mph,30.02 inHg,11:29 PM
Santa Monica Beach,santa-monica-beach,6786e26d4438e40d5e56c085,678661730ea760533db7153c,6812cfbf956e3366b9f1bcf6,false,false,Thu May 01 2025 01:34:55 GMT+0000 (Coordinated Universal Time),Mon Jun 16 2025 08:56:07 GMT+0000 (Coordinated Universal Time),Tue Jun 03 2025 07:19:41 GMT+0000 (Coordinated Universal Time),https://cdn.prod.website-files.com/678661730ea760533db7153d/6812cfb868269270566b4eb3_santa-monica-beach-california.jpg,34.00999323,-118.49732798,,Santa Monica,california,90401,united-states,https://maps.app.goo.gl/xBfQL99Bc8hdByYAA,https://www.santamonica.gov/places/parks/santa-monica-state-beach,(310) 458-8411,,Sunrise to sunset,,,,,,,,,,,,,,,,,58.8,,,,58.9â„‰,91%,4.5 mph,108Â°,0 in,4%,0,84,38.6 Âµg/mÂ³,37 Âµg/mÂ³,66.4â„‰,5 minutes ago,11.8 ft,0.5 mph,29.86 inHg,11:07 PM
Seal Beach,seal-beach,6786e26d4438e40d5e56c085,678661730ea760533db7153c,67bfaaf59ac25bd5fb05e72f,false,false,Wed Feb 26 2025 23:59:49 GMT+0000 (Coordinated Universal Time),Mon Jun 16 2025 08:56:16 GMT+0000 (Coordinated Universal Time),Tue Jun 03 2025 07:19:41 GMT+0000 (Coordinated Universal Time),https://cdn.prod.website-files.com/678661730ea760533db7153d/67bfaaf49ac25bd5fb05e71b_p0xpsiu1zyhi0zmcb7wy.png,33.7414085,-118.1047682,,Seal Beach,california,,united-states,"https://maps.google.com/?q=Seal+Beach,+CA,+USA&ftid=0x80dcded838766331:0x3dfc70ec6e279415",http://www.sealbeachca.gov/,,,,Yes,Yes,Allowed,Yes,No,,Yes,Yes,Surfing,Yes,Yes,Yes,Yes,Great,Yes,,61.6,"Seal Beach, CA, USA",,,63â„‰,88%,2.8 mph,209Â°,0 in,11%,0,57,13.5 Âµg/mÂ³,10.8 Âµg/mÂ³,65.0â„‰,5 minutes ago,9.5 ft,0.3 mph,29.87 inHg,11:05 PM
Shark's Cove,sharks-cove,6786e26d4438e40d5e56c085,678661730ea760533db7153c,682a44c066c70d8afba557fb,false,false,Sun May 18 2025 20:36:16 GMT+0000 (Coordinated Universal Time),Mon Jun 16 2025 08:55:46 GMT+0000 (Coordinated Universal Time),Tue Jun 03 2025 07:19:41 GMT+0000 (Coordinated Universal Time),https://cdn.prod.website-files.com/678661730ea760533db7153d/682a44bdb5ab57838ffa0cd4_sharks-cove-pupukea-oahu-hawaii.jpeg,21.65004508,-158.06282544,,Haleiwa,hawaii,96712,united-states,https://maps.app.goo.gl/LSxy5ngKxGnni6Gt9,https://dlnr.hawaii.gov/dar/marine-managed-areas/hawaii-marine-life-conservation-districts/oahu-pupukea/,(808)462-8290,,,,,,,,,,,,,,,,,,,78.5,,,,80.1â„‰,74%,14.6 mph,86Â°,0 in,87%,0,31,14 Âµg/mÂ³,8.6 Âµg/mÂ³,79.4â„‰,5 minutes ago,9.5 ft,1.0 mph,30.07 inHg,01:16 AM
Stinson Beach,stinson-beach,6786e26d4438e40d5e56c085,678661730ea760533db7153c,68228c293e755a84bf582c26,false,false,Tue May 13 2025 00:02:49 GMT+0000 (Coordinated Universal Time),Mon Jun 16 2025 08:56:01 GMT+0000 (Coordinated Universal Time),Tue Jun 03 2025 07:19:41 GMT+0000 (Coordinated Universal Time),https://cdn.prod.website-files.com/678661730ea760533db7153d/68228c21067bd2f7d0be8184_stinson-beach-california.jpg,37.89742578,-122.64052251,Walla Vista,Stinson Beach,california,94970,united-states,https://maps.app.goo.gl/zy98o2dNesFRghk26,https://www.nps.gov/goga/stbe.htm,(415) 868-0942,,,,,,,,,,,,,,,,,,,49.4,,,,46.1â„‰,97%,6.9 mph,285Â°,0 in,11%,0,42,14.9 Âµg/mÂ³,10.4 Âµg/mÂ³,53.4â„‰,5 minutes ago,22.4 ft,0.6 mph,30.00 inHg,11:35 PM
Sunset Beach,sunset-beach-california,6786e26d4438e40d5e56c085,678661730ea760533db7153c,67bfaaf469498f393920a5c4,false,false,Wed Feb 26 2025 23:59:48 GMT+0000 (Coordinated Universal Time),Mon Jun 16 2025 08:56:17 GMT+0000 (Coordinated Universal Time),Tue Jun 03 2025 07:19:41 GMT+0000 (Coordinated Universal Time),https://cdn.prod.website-files.com/678661730ea760533db7153d/67c90043df885f4391a96a5d_Sunset_Beach_-10.JPG,33.7116957,-118.0642643,Pacific Coast Highway,Huntington Beach,california,92649,united-states,https://maps.google.com/?cid=11681788055916530776,http://www.parks.ca.gov/?page_id=643,,,,Yes,Yes,Allowed,Yes,No,,No,Yes,Surfing,No,Yes,Yes,Yes,Great,Yes,,60.6,"17281 Pacific Coast Hwy, CA, USA",4.7,"5/5: In the 90s, there was a TV series called Sunset Beach, so when this location happened to be near our recent California stay, we knew paying it a visit was a must. It was a lovely short trip and the first time experiencing the Pacific Ocean and its prodigious waves. We enjoyed seeing the kiteboarders and the windsurfers while we took a walk down the beach. The beach was clean and fairly populated, and we had no problem finding parking.",61.5â„‰,88%,3.4 mph,172Â°,0 in,8%,0,57,13.5 Âµg/mÂ³,10.8 Âµg/mÂ³,66.1â„‰,5 minutes ago,9.5 ft,0.3 mph,29.88 inHg,11:04 PM
Sunset Beach Park,sunset-beach-park-pupukea-oahu,6786e26d4438e40d5e56c085,678661730ea760533db7153c,6822c4e59915bf05422c24b6,false,false,Tue May 13 2025 04:04:53 GMT+0000 (Coordinated Universal Time),Mon Jun 16 2025 08:55:57 GMT+0000 (Coordinated Universal Time),Tue Jun 03 2025 07:19:41 GMT+0000 (Coordinated Universal Time),https://cdn.prod.website-files.com/678661730ea760533db7153d/6822c4da023f84233549ef84_sunset-beach-park-pupukea-oahu-hawaii.jpg,21.67541901,-158.04056972,,Pupukea,hawaii,96712,united-states,https://maps.app.goo.gl/AuDrCMtWQhshpXos9,https://www.gohawaii.com/islands/oahu/things-to-do/beaches/sunset-beach,,,,Yes,Yes,,Yes,No,,No,Yes,"Swimming, surfing, fishing",No,Yes,,,,Yes,,78.5,,,,80.1â„‰,74%,14.6 mph,86Â°,0 in,87%,0,31,14 Âµg/mÂ³,8.6 Âµg/mÂ³,78.0â„‰,5 minutes ago,9.0 ft,0.6 mph,30.07 inHg,01:16 AM
Surfrider Beach,malibu-surfrider-beach,6786e26d4438e40d5e56c085,678661730ea760533db7153c,67e1c13a45fe0941d19ac486,false,false,Mon Mar 24 2025 20:31:54 GMT+0000 (Coordinated Universal Time),Mon Jun 16 2025 08:56:12 GMT+0000 (Coordinated Universal Time),Tue Jun 03 2025 07:19:41 GMT+0000 (Coordinated Universal Time),https://cdn.prod.website-files.com/678661730ea760533db7153d/67e23f73a7c33266e22c107b_surfrider-beach-malibu.jpg,34.03641594,-118.67774678,,Malibu,california,90265,united-states,https://maps.app.goo.gl/gjipm2jGKYp8htci6,https://www.malibucity.org/96/Malibu-Beaches,,,,,,,,,,,,,,,,,,,,57.4,,,,57.2â„‰,92%,4.5 mph,108Â°,0 in,5%,0,47,11.3 Âµg/mÂ³,8.4 Âµg/mÂ³,66.2â„‰,5 minutes ago,14.2 ft,0.3 mph,29.82 inHg,11:08 PM
Topanga Beach,malibu-topanga-beach,6786e26d4438e40d5e56c085,678661730ea760533db7153c,67e3971846520ce7b2ffe861,false,false,Wed Mar 26 2025 05:56:40 GMT+0000 (Coordinated Universal Time),Mon Jun 16 2025 08:56:10 GMT+0000 (Coordinated Universal Time),Tue Jun 03 2025 07:19:41 GMT+0000 (Coordinated Universal Time),https://cdn.prod.website-files.com/678661730ea760533db7153d/67e3970edd9fe0dad74bf7e2_malibu-topanga-beach.JPG,34.03881751,-118.58170946,,Malibu,california,90265,united-states,https://maps.app.goo.gl/PgGtnSu1XDcWrKJP7,https://www.malibucity.org/96/Malibu-Beaches,,,,,,,,,,,,,,,,,,,,59.3,,,,57.3â„‰,78%,6.4 mph,100Â°,0 in,0%,0,84,38.6 Âµg/mÂ³,37 Âµg/mÂ³,66.9â„‰,5 minutes ago,12.7 ft,0.7 mph,29.84 inHg,11:07 PM
Turtle Bay,turtle-bay-oahu,6786e26d4438e40d5e56c085,678661730ea760533db7153c,682a3bbc393a4c438fc25170,false,false,Sun May 18 2025 19:57:48 GMT+0000 (Coordinated Universal Time),Mon Jun 16 2025 08:55:50 GMT+0000 (Coordinated Universal Time),Tue Jun 03 2025 07:19:41 GMT+0000 (Coordinated Universal Time),https://cdn.prod.website-files.com/678661730ea760533db7153d/682a3bb20160eccdfef79e0a_turtle-bay-oahu-hawaii.jpeg,21.70210144,-157.99908527,,Kawela Bay,hawaii,96731,united-states,https://maps.app.goo.gl/Dg6sDcrDqqeGQm61A,,,,,,,,,,,,,,,,,,,,,78.5,,,,80.1â„‰,74%,14.6 mph,86Â°,0 in,87%,0,31,14 Âµg/mÂ³,8.6 Âµg/mÂ³,79.0â„‰,5 minutes ago,18.5 ft,0.9 mph,30.07 inHg,01:16 AM
Venice Beach,venice-beach,6786e26d4438e40d5e56c085,678661730ea760533db7153c,6812fa757e36072b4622bf88,false,false,Thu May 01 2025 04:37:09 GMT+0000 (Coordinated Universal Time),Mon Jun 16 2025 08:56:07 GMT+0000 (Coordinated Universal Time),Tue Jun 03 2025 07:19:41 GMT+0000 (Coordinated Universal Time),https://cdn.prod.website-files.com/678661730ea760533db7153d/6812fa6dd1c4bbcd49d58922_venice-beach-california.jpg,33.97733987,-118.46668414,1800 Ocean Front Walk,Venice,california,90291,united-states,https://maps.app.goo.gl/ntLzohknsHcgc2q69,https://www.laparks.org/venice/,(310) 396-6764,,,,,,,,,,,,,,,,,,,56.8,,,,56.6â„‰,88%,2.9 mph,113Â°,0 in,6%,0,84,38.6 Âµg/mÂ³,37 Âµg/mÂ³,65.9â„‰,5 minutes ago,9.0 ft,0.3 mph,29.88 inHg,11:06 PM
Waikiki Beach,waikiki-beach,6786e26d4438e40d5e56c085,678661730ea760533db7153c,67e3a56a2dd588580afbfdd6,false,false,Wed Mar 26 2025 06:57:46 GMT+0000 (Coordinated Universal Time),Mon Jun 16 2025 08:56:09 GMT+0000 (Coordinated Universal Time),Tue Jun 03 2025 07:19:41 GMT+0000 (Coordinated Universal Time),https://cdn.prod.website-files.com/678661730ea760533db7153d/67e3a564cf2fe84aff2769cb_waikiki-beach.png,21.27646685,-157.82800944,,Honolulu,hawaii,96815,united-states,https://maps.app.goo.gl/F26GU3X9bDsW5vwt6,https://www.gohawaii.com/islands/oahu/things-to-do/beaches/waikiki-beach,,,,,,,,,,,,,,,,,,,,76.8,,,,79.4â„‰,76%,11.1 mph,68Â°,0 in,93%,0,31,11 Âµg/mÂ³,7 Âµg/mÂ³,78.6â„‰,5 minutes ago,14.0 ft,2.2 mph,30.07 inHg,01:15 AM
Waimanalo Beach Park,waimanalo-beach-park,6786e26d4438e40d5e56c085,678661730ea760533db7153c,682a3a0a4a49341130103094,false,false,Sun May 18 2025 19:50:34 GMT+0000 (Coordinated Universal Time),Mon Jun 16 2025 08:55:51 GMT+0000 (Coordinated Universal Time),Tue Jun 03 2025 07:19:41 GMT+0000 (Coordinated Universal Time),https://cdn.prod.website-files.com/678661730ea760533db7153d/682a3ad61b7099a5968410ef_waimanalo-beach-park-oahu-hawaii.jpeg,21.33270449,-157.69360672,41-741 KalanianaÊ»ole Hwy,Waimanalo,hawaii,96795,united-states,https://maps.app.goo.gl/GeosaYUypTRxbGeV8,https://www.honolulu.gov/parks,,,,,,,,,,,,,,,,,,,,75.7,,,,78.3â„‰,80%,11.8 mph,68Â°,0 in,100%,0,31,11.3 Âµg/mÂ³,7.2 Âµg/mÂ³,78.7â„‰,5 minutes ago,15.7 ft,2.4 mph,30.08 inHg,01:14 AM
Waimea Bay Beach Park,waimea-bay-beach-park,6786e26d4438e40d5e56c085,678661730ea760533db7153c,6822cbcc5458fc489dccc174,false,false,Tue May 13 2025 04:34:20 GMT+0000 (Coordinated Universal Time),Mon Jun 16 2025 08:55:55 GMT+0000 (Coordinated Universal Time),Tue Jun 03 2025 07:19:41 GMT+0000 (Coordinated Universal Time),https://cdn.prod.website-files.com/678661730ea760533db7153d/6822cb5279cfd70311bf9cb7_waimea-bay-beach-park-haleiwa-oahu-hawaii.jpg,21.64038482,-158.06343319,610031 Kamehameha Hwy,Haleiwa,hawaii,96712,united-states,https://maps.app.goo.gl/eKJV4749fhPQPqNo7,https://www.gohawaii.com/islands/oahu/regions/north-shore/waimea-bay,,,,Yes,Yes,,Yes,No,,Yes,Yes,"bodyboarding, surfing, snorkeling, swimming, fishing",No,Yes,,,Great,Yes,,78.5,,,,80.1â„‰,74%,14.6 mph,86Â°,0 in,87%,0,31,14 Âµg/mÂ³,8.6 Âµg/mÂ³,79.4â„‰,5 minutes ago,9.5 ft,1.0 mph,30.07 inHg,01:16 AM
White Plains Beach,white-plains-beach,6786e26d4438e40d5e56c085,678661730ea760533db7153c,6822ec6dea90b6d115b12b4a,false,false,Tue May 13 2025 06:53:33 GMT+0000 (Coordinated Universal Time),Mon Jun 16 2025 08:55:51 GMT+0000 (Coordinated Universal Time),Tue Jun 03 2025 07:19:41 GMT+0000 (Coordinated Universal Time),https://cdn.prod.website-files.com/678661730ea760533db7153d/6822ec59cd8882eb636e9e5b_white-plains-beach-barbers-point-oahu-hawaii.jpg,21.30496587,-158.04504877,White Plains Road,Ewa Beach,hawaii,96706,united-states,https://maps.app.goo.gl/oQ56Qip2ALB3dGeD9,,,,,,,,,,,,,,,,,,,,,78.4,,,,82â„‰,72%,8.9 mph,80Â°,0 in,45%,0,31,11 Âµg/mÂ³,7 Âµg/mÂ³,78.7â„‰,5 minutes ago,12.7 ft,2.2 mph,30.05 inHg,01:16 AM
Yokohama Bay,yokohama-bay-oahu,6786e26d4438e40d5e56c085,678661730ea760533db7153c,682a41d58cde4f7895fad91e,false,false,Sun May 18 2025 20:23:49 GMT+0000 (Coordinated Universal Time),Mon Jun 16 2025 08:55:48 GMT+0000 (Coordinated Universal Time),Tue Jun 03 2025 07:19:41 GMT+0000 (Coordinated Universal Time),https://cdn.prod.website-files.com/678661730ea760533db7153d/682a41d08cde4f7895fad490_yokohama-bay-waialua-oahu-hawaii.jpg,21.55727806,-158.25272953,,Waialua,hawaii,96791,united-states,https://maps.app.goo.gl/emzhzJL2vEkhit5t5,,,,,,,,,,,,,,,,,,,,,78.4,,,,82â„‰,72%,8.9 mph,80Â°,0 in,45%,0,29,11.7 Âµg/mÂ³,7.2 Âµg/mÂ³,79.2â„‰,5 minutes ago,11.8 ft,0.2 mph,30.07 inHg,01:16 AM
Zuma Beach,zuma-beach-malibu,6786e26d4438e40d5e56c085,678661730ea760533db7153c,68227f77900798f35498f02d,false,false,Mon May 12 2025 23:08:39 GMT+0000 (Coordinated Universal Time),Mon Jun 16 2025 08:56:04 GMT+0000 (Coordinated Universal Time),Tue Jun 03 2025 07:19:41 GMT+0000 (Coordinated Universal Time),https://cdn.prod.website-files.com/678661730ea760533db7153d/68227f700601e7469bdd1ed3_zuma-beach-malibu-california.jpg,34.02218419,-118.83111732,30000 Pacific Coast Highway,Malibu,california,90265,united-states,https://maps.app.goo.gl/bmMzcMC6rNUxERAz8,https://beaches.lacounty.gov/zuma-beach/,,,6AM-10PM,,,,,,,,,,,,,,,,,58,,,,56.7â„‰,86%,6 mph,105Â°,0 in,3%,0,47,11.3 Âµg/mÂ³,8.4 Âµg/mÂ³,66.4â„‰,5 minutes ago,14.9 ft,0.4 mph,29.85 inHg,11:08 PM
